startTime,endTime,energy
1,1,-2.9381315126539613
2,2,-2.809456478106854
3,3,-2.809456478106854
4,4,-2.7809833402953545
6,6,-4.665933664877462
7,7,-4.67493670096759
8,8,-3.3537003049495198
9,9,-3.8250928178546415
10,10,-3.9897682580285236
11,11,-3.7432129478530562
12,12,-4.445625081763783
13,13,-3.856418359262853
14,14,-3.68540131182253
15,15,-3.797428834517299
16,16,-2.721781721722829
18,18,-2.648784632121979
19,19,-3.223322335667132
20,20,-2.8670982951467954
21,21,-4.239400329718445
22,22,-3.5445952979419872
23,23,-4.297336561215025
24,24,-3.838209205077416
25,25,-5.813340409376919
27,27,-5.7263379874947615
28,28,-5.961215416849586
29,29,-8.030055917570152
30,30,-8.08393233360335
31,31,-8.333105382174201
32,32,-8.206104297877802
33,33,-8.350498664279353
34,34,-8.469216297549774
35,35,-8.293282267738356
36,36,-9.355201601427579
37,37,-8.873953629932833
38,38,-9.122326657039787
39,39,-9.43740745300924
40,40,-9.700327088554738
41,41,-9.079004510695075
42,42,-9.250387091652568
43,43,-9.125298495706787
44,44,-8.958369890093273
45,45,-9.26441461151482
46,46,-8.852163971750386
47,47,-9.003374832932321
48,48,-8.78139673210462
49,49,-9.331629903206995
50,50,-9.342466584039522
51,51,-9.351964453113357
52,52,-9.359988467494022
53,53,-9.044209602901015
54,54,-9.076095482238031
55,55,-9.395772088134477
56,56,-9.322268045255255
57,57,-8.682460647357711
58,58,-8.689291881646994
59,59,-9.408634085806066
61,61,-9.30777137537423
62,62,-8.616761487224087
63,63,-9.19293704117176
64,64,-8.7564374212237
65,65,-9.072560058190334
66,66,-9.30383283328218
67,67,-8.858225994388723
68,68,-9.57531143483773
69,69,-10.220825456321078
71,71,-10.342613956177182
72,72,-10.475826632101196
73,73,-10.7767646232947
74,74,-10.783108532597854
75,75,-10.773134532937037
76,76,-10.764067482230912
77,77,-10.559998637101218
78,78,-10.167625619380399
79,79,-10.639039608670531
80,80,-10.019201854477792
81,81,-10.03217845692003
82,82,-10.057720432441632
83,83,-10.043774548372047
84,84,-9.387942461113843
85,85,-10.202438258414475
86,86,-9.622441186301181
87,87,-10.29465436834112
88,88,-9.580307676268536
89,89,-9.115888972739505
90,90,-9.025847923805241
91,91,-9.06470728427191
93,93,-7.437872646736461
94,94,-6.617824514889748
95,95,-6.853269663013296
96,96,-6.488581804298432
